WORD,VALIDITY,TYPE,BLOCK,SUBBLOCK
stand,word,english,A,1
medical,word,english,A,1
cannot,word,english,A,1
instead,word,english,A,1
order,word,english,A,1
strategy,word,english,A,1
details,word,english,A,1
starting,word,english,A,1
straight,word,english,A,1
whatever,word,english,A,1
countries,word,english,A,1
features,word,english,A,1
student,word,english,A,1
started,word,english,A,1
phone,word,english,A,1
speak,word,english,A,1
drivers,word,english,A,1
children,word,english,A,1
early,word,english,A,1
month,word,english,A,1
contains,word,english,A,1
selling,word,english,A,1
includes,word,english,A,1
world,word,english,A,1
legal,word,english,A,1
rather,word,english,A,1
effort,word,english,A,1
itself,word,english,A,1
example,word,english,A,1
opinions,word,english,A,1
saying,word,english,A,1
coming,word,english,A,1
safety,word,english,A,1
provide,word,english,A,1
central,word,english,A,1
maybe,word,english,A,1
quite,word,english,A,1
night,word,english,A,1
allowed,word,english,A,1
makes,word,english,A,1
house,word,english,A,1
server,word,english,A,1
climate,word,english,A,1
issues,word,english,A,1
wrong,word,english,A,1
function,word,english,A,1
party,word,english,A,1
women,word,english,A,1
create,word,english,A,1
difficult,word,english,A,1
manager,word,english,A,1
received,word,english,A,1
ideas,word,english,A,1
gives,word,english,A,1
written,word,english,A,1
thinking,word,english,A,1
bring,word,english,A,1
death,word,english,A,1
version,word,english,A,1
trouble,word,english,A,1
auction,word,english,A,1
reason,word,english,A,1
woman,word,english,A,1
machine,word,english,A,1
mention,word,english,A,1
process,word,english,A,1
above,word,english,A,1
decided,word,english,A,1
final,word,english,A,1
family,word,english,A,1
response,word,english,A,1
sense,word,english,A,1
knowledge,word,english,A,1
terms,word,english,A,1
break,word,english,A,1
consider,word,english,A,1
perhaps,word,english,A,1
locus,word,english,A,1
lower,word,english,A,1
account,word,english,A,1
reality,word,english,A,1
response,word,english,A,1
analysis,word,english,A,1
arrival,word,english,A,1
building,word,english,A,1
driver,word,english,A,1
small,word,english,A,1
happen,word,english,A,1
start,word,english,A,1
anybody,word,english,A,1
anyway,word,english,A,1
added,word,english,A,1
while,word,english,A,1
working,word,english,A,1
window,word,english,A,1
voice,word,english,A,1
helps,word,english,A,1
perfect,word,english,A,1
below,word,english,A,1
different,word,english,A,1
growth,word,english,A,1
posts,word,english,A,1
education,word,english,A,1
meeting,word,english,A,1
factor,word,english,A,1
federal,word,english,A,1
together,word,english,A,1
evening,word,english,A,1
center,word,english,A,1
president,word,english,A,1
various,word,english,A,1
earth,word,english,A,1
error,word,english,A,1
certain,word,english,A,1
several,word,english,A,1
light,word,english,A,1
should,word,english,A,1
movie,word,english,A,1
shipping,word,english,A,1
history,word,english,A,1
program,word,english,A,1
white,word,english,A,1
better,word,english,A,1
required,word,english,A,1
action,word,english,A,1
receive,word,english,A,1
client,word,english,A,1
whole,word,english,A,1
later,word,english,A,1
leave,word,english,A,1
heard,word,english,A,1
point,word,english,A,1
statement,word,english,A,1
parts,word,english,A,1
except,word,english,A,1
artifact,word,english,A,1
official,word,english,A,1
lists,word,english,A,1
second,word,english,A,1
company,word,english,A,1
vehicle,word,english,A,1
screen,word,english,A,1
items,word,english,A,1
network,word,english,A,1
image,word,english,A,1
result,word,english,A,1
service,word,english,A,1
state,word,english,A,1
write,word,english,A,1
truth,word,english,A,1
local,word,english,A,1
situation,word,english,A,1
talking,word,english,A,1
control,word,english,A,1
members,word,english,A,1
training,word,english,A,1
wroven,non_word,english,A,2
grait,non_word,english,A,2
miself,non_word,english,A,2
femily,non_word,english,A,2
quorble,non_word,english,A,2
poast,non_word,english,A,2
triff,non_word,english,A,2
contanes,non_word,english,A,2
prangle,non_word,english,A,2
writen,non_word,english,A,2
charmet,non_word,english,A,2
takis,non_word,english,A,2
forse,non_word,english,A,2
lighht,non_word,english,A,2
repronse,non_word,english,A,2
fronker,non_word,english,A,2
driblex,non_word,english,A,2
plorfin,non_word,english,A,2
starded,non_word,english,A,2
vestern,non_word,english,A,2
murb,non_word,english,A,2
ordar,non_word,english,A,2
snorp,non_word,english,A,2
trate,non_word,english,A,2
plurnish,non_word,english,A,2
minusts,non_word,english,A,2
trutth,non_word,english,A,2
graskel,non_word,english,A,2
twisk,non_word,english,A,2
serwer,non_word,english,A,2
advanze,non_word,english,A,2
warld,non_word,english,A,2
reciese,non_word,english,A,2
cherm,non_word,english,A,2
quimpal,non_word,english,A,2
colal,non_word,english,A,2
popolar,non_word,english,A,2
chrumble,non_word,english,A,2
bluud,non_word,english,A,2
feild,non_word,english,A,2
blorp,non_word,english,A,2
cuorse,non_word,english,A,2
rulus,non_word,english,A,2
tworn,non_word,english,A,2
chrair,non_word,english,A,2
moddel,non_word,english,A,2
chindle,non_word,english,A,2
tregmur,non_word,english,A,2
snimble,non_word,english,A,2
rater,non_word,english,A,2
suport,non_word,english,A,2
wotch,non_word,english,A,2
wonan,non_word,english,A,2
tharv,non_word,english,A,2
slurn,non_word,english,A,2
slory,non_word,english,A,2
smavorn,non_word,english,A,2
notse,non_word,english,A,2
chane,non_word,english,A,2
secutiry,non_word,english,A,2
vords,non_word,english,A,2
screan,non_word,english,A,2
beelow,non_word,english,A,2
beccome,non_word,english,A,2
wheter,non_word,english,A,2
localion,non_word,english,A,2
sproon,non_word,english,A,2
tebbar,non_word,english,A,2
claggle,non_word,english,A,2
flibber,non_word,english,A,2
slindor,non_word,english,A,2
straigt,non_word,english,A,2
grack,non_word,english,A,2
cowntry,non_word,english,A,2
mentune,non_word,english,A,2
cecond,non_word,english,A,2
spleem,non_word,english,A,2
prindux,non_word,english,A,2
addid,non_word,english,A,2
morkle,non_word,english,A,2
hellps,non_word,english,A,2
errur,non_word,english,A,2
wibble,non_word,english,A,2
lelal,non_word,english,A,2
slong,non_word,english,A,2
frimble,non_word,english,A,2
adress,non_word,english,A,2
creat,non_word,english,A,2
canot,non_word,english,A,2
plaze,non_word,english,A,2
mibber,non_word,english,A,2
nohice,non_word,english,A,2
splunge,non_word,english,A,2
respend,non_word,english,A,2
frabble,non_word,english,A,2
stert,non_word,english,A,2
jindrel,non_word,english,A,2
nown,non_word,english,A,2
dorpine,non_word,english,A,2
parudy,non_word,english,A,2
evedence,non_word,english,A,2
sertain,non_word,english,A,2
sisuation,non_word,english,A,2
wargle,non_word,english,A,2
chlidren,non_word,english,A,2
clopt,non_word,english,A,2
frint,non_word,english,A,2
genurally,non_word,english,A,2
histury,non_word,english,A,2
skindle,non_word,english,A,2
troubal,non_word,english,A,2
caces,non_word,english,A,2
exsept,non_word,english,A,2
thouh,non_word,english,A,2
colus,non_word,english,A,2
setwene,non_word,english,A,2
monitar,non_word,english,A,2
concider,non_word,english,A,2
fleedon,non_word,english,A,2
sauth,non_word,english,A,2
pagis,non_word,english,A,2
trems,non_word,english,A,2
tuday,non_word,english,A,2
resune,non_word,english,A,2
sund,non_word,english,A,2
clieient,non_word,english,A,2
teath,non_word,english,A,2
ecudation,non_word,english,A,2
leve,non_word,english,A,2
briffle,non_word,english,A,2
erth,non_word,english,A,2
likelie,non_word,english,A,2
nunbers,non_word,english,A,2
squorble,non_word,english,A,2
acatly,non_word,english,A,2
vursion,non_word,english,A,2
blistow,non_word,english,A,2
trindle,non_word,english,A,2
saing,non_word,english,A,2
grench,non_word,english,A,2
macine,non_word,english,A,2
wice,non_word,english,A,2
liwing,non_word,english,A,2
privet,non_word,english,A,2
worf,non_word,english,A,2
thiking,non_word,english,A,2
togehter,non_word,english,A,2
snaffle,non_word,english,A,2
makis,non_word,english,A,2
pover,non_word,english,A,2
ponit,non_word,english,A,2
crenst,non_word,english,A,2
hapen,non_word,english,A,2
sens,non_word,english,A,2
yagya  ,word,hinglish,D,1
wajan,word,hinglish,D,1
vyakti,word,hinglish,D,1
vivaah,word,hinglish,D,1
virodhi,word,hinglish,D,1
vipaksh,word,hinglish,D,1
vikas,word,hinglish,D,1
vikalp,word,hinglish,D,1
videshi,word,hinglish,D,1
vichaar,word,hinglish,D,1
vachan,word,hinglish,D,1
uttar,word,hinglish,D,1
utsav,word,hinglish,D,1
uphaar,word,hinglish,D,1
unka,word,hinglish,D,1
ujjwal,word,hinglish,D,1
udhar  ,word,hinglish,D,1
uday,word,hinglish,D,1
thappar,word,hinglish,D,1
thand,word,hinglish,D,1
taras,word,hinglish,D,1
tanmay,word,hinglish,D,1
talaash,word,hinglish,D,1
takkar,word,hinglish,D,1
sheetal,word,hinglish,D,1
shashtra,word,hinglish,D,1
sharab,word,hinglish,D,1
shapath,word,hinglish,D,1
shanti,word,hinglish,D,1
shakkar,word,hinglish,D,1
shahar,word,hinglish,D,1
shabd,word,hinglish,D,1
shaadi,word,hinglish,D,1
sarthak,word,hinglish,D,1
sargam,word,hinglish,D,1
sardar,word,hinglish,D,1
sapna,word,hinglish,D,1
sanskar,word,hinglish,D,1
sangeet,word,hinglish,D,1
sambhav,word,hinglish,D,1
sambandh,word,hinglish,D,1
samay  ,word,hinglish,D,1
samajh  ,word,hinglish,D,1
samachar,word,hinglish,D,1
saksham  ,word,hinglish,D,1
sajjan,word,hinglish,D,1
safar  ,word,hinglish,D,1
safal  ,word,hinglish,D,1
sadak  ,word,hinglish,D,1
sachiv,word,hinglish,D,1
sabhya,word,hinglish,D,1
sabak,word,hinglish,D,1
roti,word,hinglish,D,1
raman,word,hinglish,D,1
raksha,word,hinglish,D,1
rajat,word,hinglish,D,1
rahaysa,word,hinglish,D,1
pyaas,word,hinglish,D,1
puraana,word,hinglish,D,1
prerana,word,hinglish,D,1
prayaas,word,hinglish,D,1
prakriti,word,hinglish,D,1
prakash,word,hinglish,D,1
pradesh,word,hinglish,D,1
prabhat,word,hinglish,D,1
pavan  ,word,hinglish,D,1
pathak,word,hinglish,D,1
pasand,word,hinglish,D,1
parvati,word,hinglish,D,1
parivaar,word,hinglish,D,1
param,word,hinglish,D,1
parakh,word,hinglish,D,1
palak  ,word,hinglish,D,1
paksh  ,word,hinglish,D,1
pakad,word,hinglish,D,1
pahal,word,hinglish,D,1
paani,word,hinglish,D,1
niketan,word,hinglish,D,1
nigan,word,hinglish,D,1
nibandh,word,hinglish,D,1
nazar,word,hinglish,D,1
nayak,word,hinglish,D,1
navodaya,word,hinglish,D,1
naram,word,hinglish,D,1
namak  ,word,hinglish,D,1
nagar,word,hinglish,D,1
naari,word,hinglish,D,1
mitra,word,hinglish,D,1
mithaai,word,hinglish,D,1
mausam,word,hinglish,D,1
matlab,word,hinglish,D,1
matar,word,hinglish,D,1
manzil,word,hinglish,D,1
mannat,word,hinglish,D,1
mandal,word,hinglish,D,1
maksad  ,word,hinglish,D,1
mahila,word,hinglish,D,1
mahenga,word,hinglish,D,1
mahaul,word,hinglish,D,1
mahal,word,hinglish,D,1
mahak,word,hinglish,D,1
magar,word,hinglish,D,1
madhya,word,hinglish,D,1
madad,word,hinglish,D,1
lekin,word,hinglish,D,1
latak,word,hinglish,D,1
lashkar,word,hinglish,D,1
lakshya,word,hinglish,D,1
lakshan,word,hinglish,D,1
lagbhag,word,hinglish,D,1
ladka,word,hinglish,D,1
khilaaf,word,hinglish,D,1
khattar,word,hinglish,D,1
khabar  ,word,hinglish,D,1
kambal,word,hinglish,D,1
kamar,word,hinglish,D,1
kamal,word,hinglish,D,1
kalash,word,hinglish,D,1
kalam,word,hinglish,D,1
kahar,word,hinglish,D,1
kadam  ,word,hinglish,D,1
jhalak  ,word,hinglish,D,1
jeewan,word,hinglish,D,1
jawaan,word,hinglish,D,1
jannat,word,hinglish,D,1
jagat,word,hinglish,D,1
jagah  ,word,hinglish,D,1
jaagriti,word,hinglish,D,1
ishq,word,hinglish,D,1
insaan,word,hinglish,D,1
idhar  ,word,hinglish,D,1
havan,word,hinglish,D,1
hangama,word,hinglish,D,1
haalat,word,hinglish,D,1
gulshan,word,hinglish,D,1
grahak,word,hinglish,D,1
gazal,word,hinglish,D,1
galti,word,hinglish,D,1
galat  ,word,hinglish,D,1
gagan  ,word,hinglish,D,1
eklavya,word,hinglish,D,1
doosra,word,hinglish,D,1
dono,word,hinglish,D,1
dhwaj,word,hinglish,D,1
dhanya,word,hinglish,D,1
dhakkan,word,hinglish,D,1
dhadkan,word,hinglish,D,1
dhaara,word,hinglish,D,1
dawaai,word,hinglish,D,1
dainik,word,hinglish,D,1
dahej,word,hinglish,D,1
charas  ,word,hinglish,D,1
charan,word,hinglish,D,1
chappar,word,hinglish,D,1
chappal,word,hinglish,D,1
chandan,word,hinglish,D,1
chanchal  ,word,hinglish,D,1
chaman  ,word,hinglish,D,1
chamak,word,hinglish,D,1
chakkar,word,hinglish,D,1
chahiye,word,hinglish,D,1
chadar,word,hinglish,D,1
bukhaar  ,word,hinglish,D,1
bhavya,word,hinglish,D,1
bhavan  ,word,hinglish,D,1
bhatak,word,hinglish,D,1
bharosa,word,hinglish,D,1
bhakt,word,hinglish,D,1
bhajan  ,word,hinglish,D,1
bekaar  ,word,hinglish,D,1
basant  ,word,hinglish,D,1
balidan,word,hinglish,D,1
bagal,word,hinglish,D,1
badmaash  ,word,hinglish,D,1
badan,word,hinglish,D,1
bachpan  ,word,hinglish,D,1
bachat,word,hinglish,D,1
bacchan,word,hinglish,D,1
baarish  ,word,hinglish,D,1
ashram  ,word,hinglish,D,1
asatya,word,hinglish,D,1
asar,word,hinglish,D,1
asafal,word,hinglish,D,1
asabhya,word,hinglish,D,1
apni,word,hinglish,D,1
antar,word,hinglish,D,1
andar,word,hinglish,D,1
anant,word,hinglish,D,1
anand,word,hinglish,D,1
amar,word,hinglish,D,1
alag,word,hinglish,D,1
akshay,word,hinglish,D,1
akshar  ,word,hinglish,D,1
akhand,word,hinglish,D,1
adhyapak,word,hinglish,D,1
adhoori  ,word,hinglish,D,1
adaalat,word,hinglish,D,1
abhay,word,hinglish,D,1
aatma,word,hinglish,D,1
aarambh,word,hinglish,D,1
aarakshan,word,hinglish,D,1
aajtak  ,word,hinglish,D,1
aadmi  ,word,hinglish,D,1
aadat,word,hinglish,D,1
 uttam,word,hinglish,D,1
 uplabdh,word,hinglish,D,1
 tanmay,word,hinglish,D,1
 satya,word,hinglish,D,1
 sattar,word,hinglish,D,1
 sakht,word,hinglish,D,1
 sajjan,word,hinglish,D,1
 sabhya,word,hinglish,D,1
 rahasya,word,hinglish,D,1
 patthar,word,hinglish,D,1
 mastak,word,hinglish,D,1
 marammat,word,hinglish,D,1
 mannat,word,hinglish,D,1
 madhya,word,hinglish,D,1
 macchar,word,hinglish,D,1
 kambal,word,hinglish,D,1
 jannat,word,hinglish,D,1
 izzat,word,hinglish,D,1
 dhanya,word,hinglish,D,1
 dastak,word,hinglish,D,1
 daftar,word,hinglish,D,1
 bhavya,word,hinglish,D,1
 bhakt,word,hinglish,D,1
 bandhan,word,hinglish,D,1
 bandhak,word,hinglish,D,1
 bacchan,word,hinglish,D,1
 asambhav,word,hinglish,D,1
 asabhya,word,hinglish,D,1
 anya,word,hinglish,D,1
yavaska,non_word,hinglish,D,2
yajya,non_word,hinglish,D,2
vrashti,non_word,hinglish,D,2
vimeet,non_word,hinglish,D,2
vashtrik,non_word,hinglish,D,2
vakta,non_word,hinglish,D,2
vaakas,non_word,hinglish,D,2
uzzat,non_word,hinglish,D,2
uttur,non_word,hinglish,D,2
ustav,non_word,hinglish,D,2
upyoj,non_word,hinglish,D,2
upak,non_word,hinglish,D,2
upahal,non_word,hinglish,D,2
unad,non_word,hinglish,D,2
ummat,non_word,hinglish,D,2
umath,non_word,hinglish,D,2
uljham,non_word,hinglish,D,2
ujjhal,non_word,hinglish,D,2
ujjat,non_word,hinglish,D,2
ujjala,non_word,hinglish,D,2
ugar,non_word,hinglish,D,2
ucchar,non_word,hinglish,D,2
tatneek,non_word,hinglish,D,2
tantriksh,non_word,hinglish,D,2
tanrik,non_word,hinglish,D,2
tanpav,non_word,hinglish,D,2
tanbhag,non_word,hinglish,D,2
tamrah,non_word,hinglish,D,2
tafdar,non_word,hinglish,D,2
tabhya,non_word,hinglish,D,2
suhidha,non_word,hinglish,D,2
shappar,non_word,hinglish,D,2
shakkala,non_word,hinglish,D,2
satvish,non_word,hinglish,D,2
saskham,non_word,hinglish,D,2
sarakh,non_word,hinglish,D,2
sanudaay,non_word,hinglish,D,2
sanskhat,non_word,hinglish,D,2
sandhaavana,non_word,hinglish,D,2
sanay,non_word,hinglish,D,2
sanad,non_word,hinglish,D,2
samhat,non_word,hinglish,D,2
salaf,non_word,hinglish,D,2
sakrar,non_word,hinglish,D,2
saklam,non_word,hinglish,D,2
sakab,non_word,hinglish,D,2
sajjam,non_word,hinglish,D,2
sajham,non_word,hinglish,D,2
saht,non_word,hinglish,D,2
sahak,non_word,hinglish,D,2
sadvya,non_word,hinglish,D,2
sadbhag,non_word,hinglish,D,2
sadarah,non_word,hinglish,D,2
saasish,non_word,hinglish,D,2
saajash,non_word,hinglish,D,2
saadham,non_word,hinglish,D,2
ratma,non_word,hinglish,D,2
rataj,non_word,hinglish,D,2
rastrik,non_word,hinglish,D,2
raskha,non_word,hinglish,D,2
rapam,non_word,hinglish,D,2
ranjeeti,non_word,hinglish,D,2
ranam,non_word,hinglish,D,2
rakshan,non_word,hinglish,D,2
rakash,non_word,hinglish,D,2
pyaksha,non_word,hinglish,D,2
pyahi,non_word,hinglish,D,2
pratrikik,non_word,hinglish,D,2
pratagi,non_word,hinglish,D,2
prashim,non_word,hinglish,D,2
prakeet,non_word,hinglish,D,2
praghash,non_word,hinglish,D,2
patraw,non_word,hinglish,D,2
panav,non_word,hinglish,D,2
palah,non_word,hinglish,D,2
pakal,non_word,hinglish,D,2
padmaash,non_word,hinglish,D,2
nishtri,non_word,hinglish,D,2
nashkhat,non_word,hinglish,D,2
nasant,non_word,hinglish,D,2
nasamte,non_word,hinglish,D,2
nakam,non_word,hinglish,D,2
nahenga,non_word,hinglish,D,2
nagat,non_word,hinglish,D,2
muhina,non_word,hinglish,D,2
migan,non_word,hinglish,D,2
mattat,non_word,hinglish,D,2
matsir,non_word,hinglish,D,2
matammat,non_word,hinglish,D,2
maskat,non_word,hinglish,D,2
mamtra,non_word,hinglish,D,2
mamarratam,non_word,hinglish,D,2
maltab,non_word,hinglish,D,2
majtoobi,non_word,hinglish,D,2
madhrat,non_word,hinglish,D,2
madhrak,non_word,hinglish,D,2
lashkya,non_word,hinglish,D,2
lashkman,non_word,hinglish,D,2
lakshal,non_word,hinglish,D,2
lakita,non_word,hinglish,D,2
lajat,non_word,hinglish,D,2
ladpat,non_word,hinglish,D,2
labhka,non_word,hinglish,D,2
kustap,non_word,hinglish,D,2
kulash,non_word,hinglish,D,2
khifaal,non_word,hinglish,D,2
khatvir,non_word,hinglish,D,2
khashar,non_word,hinglish,D,2
kharbar,non_word,hinglish,D,2
katsha,non_word,hinglish,D,2
katrika,non_word,hinglish,D,2
katrakaar,non_word,hinglish,D,2
kashal,non_word,hinglish,D,2
kasan,non_word,hinglish,D,2
kapak,non_word,hinglish,D,2
kanban,non_word,hinglish,D,2
kamith,non_word,hinglish,D,2
kamish,non_word,hinglish,D,2
kamam,non_word,hinglish,D,2
kamad,non_word,hinglish,D,2
kabat,non_word,hinglish,D,2
jyaan,non_word,hinglish,D,2
jigyaan,non_word,hinglish,D,2
jatmash,non_word,hinglish,D,2
jarnak,non_word,hinglish,D,2
jalnat,non_word,hinglish,D,2
jajah,non_word,hinglish,D,2
jaavnar,non_word,hinglish,D,2
iradh,non_word,hinglish,D,2
ihar,non_word,hinglish,D,2
hrudai,non_word,hinglish,D,2
hivaah,non_word,hinglish,D,2
hisarat,non_word,hinglish,D,2
hatkan,non_word,hinglish,D,2
haskat,non_word,hinglish,D,2
harkal,non_word,hinglish,D,2
harkad,non_word,hinglish,D,2
hanshik,non_word,hinglish,D,2
hanav,non_word,hinglish,D,2
hafan,non_word,hinglish,D,2
hadhyam,non_word,hinglish,D,2
haatal,non_word,hinglish,D,2
gututva,non_word,hinglish,D,2
gushlan,non_word,hinglish,D,2
goyak,non_word,hinglish,D,2
gatli,non_word,hinglish,D,2
gatat,non_word,hinglish,D,2
gantak,non_word,hinglish,D,2
ganag,non_word,hinglish,D,2
gamrah,non_word,hinglish,D,2
gamar,non_word,hinglish,D,2
galak,non_word,hinglish,D,2
gaayuk,non_word,hinglish,D,2
fasar,non_word,hinglish,D,2
duthi,non_word,hinglish,D,2
drishdhi,non_word,hinglish,D,2
dhyam,non_word,hinglish,D,2
dhavya,non_word,hinglish,D,2
dharvak,non_word,hinglish,D,2
dhakyan,non_word,hinglish,D,2
datfar,non_word,hinglish,D,2
daptar,non_word,hinglish,D,2
dakkad,non_word,hinglish,D,2
chintam,non_word,hinglish,D,2
chindan,non_word,hinglish,D,2
chasar,non_word,hinglish,D,2
chamdam,non_word,hinglish,D,2
chalhal,non_word,hinglish,D,2
chakam,non_word,hinglish,D,2
bhuktik,non_word,hinglish,D,2
bauthik,non_word,hinglish,D,2
batal,non_word,hinglish,D,2
banthak,non_word,hinglish,D,2
bandrath,non_word,hinglish,D,2
balbhan,non_word,hinglish,D,2
bajdoor,non_word,hinglish,D,2
askhar,non_word,hinglish,D,2
asalkhya,non_word,hinglish,D,2
aray,non_word,hinglish,D,2
aranth,non_word,hinglish,D,2
anuhab,non_word,hinglish,D,2
anraya,non_word,hinglish,D,2
anam,non_word,hinglish,D,2
amya,non_word,hinglish,D,2
alva,non_word,hinglish,D,2
akshan,non_word,hinglish,D,2
adhyrak,non_word,hinglish,D,2
aarakan,non_word,hinglish,D,2
aapasav,non_word,hinglish,D,2
aadas,non_word,hinglish,D,2
dharsan,non_word,hinglish,D,2
dhravak,non_word,hinglish,D,2
dhanvak,non_word,hinglish,D,2
dhatvan,non_word,hinglish,D,2
dakhyam,non_word,hinglish,D,2
chansar,non_word,hinglish,D,2
chamrak,non_word,hinglish,D,2
chavdak,non_word,hinglish,D,2
bhatrik,non_word,hinglish,D,2
badhvan,non_word,hinglish,D,2
banshak,non_word,hinglish,D,2
aksan,non_word,hinglish,D,2
antram,non_word,hinglish,D,2
asrath,non_word,hinglish,D,2
aplak,non_word,hinglish,D,2
stand,word,english,E,1
medical,word,english,E,1
cannot,word,english,E,1
instead,word,english,E,1
order,word,english,E,1
strategy,word,english,E,1
details,word,english,E,1
starting,word,english,E,1
straight,word,english,E,1
whatever,word,english,E,1
countries,word,english,E,1
features,word,english,E,1
student,word,english,E,1
started,word,english,E,1
phone,word,english,E,1
speak,word,english,E,1
drivers,word,english,E,1
children,word,english,E,1
early,word,english,E,1
month,word,english,E,1
contains,word,english,E,1
selling,word,english,E,1
includes,word,english,E,1
world,word,english,E,1
legal,word,english,E,1
rather,word,english,E,1
effort,word,english,E,1
itself,word,english,E,1
example,word,english,E,1
opinions,word,english,E,1
saying,word,english,E,1
coming,word,english,E,1
safety,word,english,E,1
provide,word,english,E,1
central,word,english,E,1
maybe,word,english,E,1
quite,word,english,E,1
night,word,english,E,1
allowed,word,english,E,1
makes,word,english,E,1
house,word,english,E,1
server,word,english,E,1
climate,word,english,E,1
issues,word,english,E,1
wrong,word,english,E,1
function,word,english,E,1
party,word,english,E,1
women,word,english,E,1
create,word,english,E,1
difficult,word,english,E,1
manager,word,english,E,1
received,word,english,E,1
ideas,word,english,E,1
gives,word,english,E,1
written,word,english,E,1
thinking,word,english,E,1
bring,word,english,E,1
death,word,english,E,1
version,word,english,E,1
trouble,word,english,E,1
auction,word,english,E,1
reason,word,english,E,1
woman,word,english,E,1
machine,word,english,E,1
mention,word,english,E,1
process,word,english,E,1
above,word,english,E,1
decided,word,english,E,1
final,word,english,E,1
family,word,english,E,1
response,word,english,E,1
sense,word,english,E,1
knowledge,word,english,E,1
terms,word,english,E,1
break,word,english,E,1
consider,word,english,E,1
perhaps,word,english,E,1
locus,word,english,E,1
lower,word,english,E,1
account,word,english,E,1
reality,word,english,E,1
response,word,english,E,1
analysis,word,english,E,1
arrival,word,english,E,1
building,word,english,E,1
driver,word,english,E,1
small,word,english,E,1
happen,word,english,E,1
start,word,english,E,1
anybody,word,english,E,1
anyway,word,english,E,1
added,word,english,E,1
while,word,english,E,1
working,word,english,E,1
window,word,english,E,1
voice,word,english,E,1
helps,word,english,E,1
perfect,word,english,E,1
below,word,english,E,1
different,word,english,E,1
growth,word,english,E,1
posts,word,english,E,1
education,word,english,E,1
meeting,word,english,E,1
factor,word,english,E,1
federal,word,english,E,1
together,word,english,E,1
evening,word,english,E,1
center,word,english,E,1
president,word,english,E,1
various,word,english,E,1
earth,word,english,E,1
error,word,english,E,1
certain,word,english,E,1
several,word,english,E,1
light,word,english,E,1
should,word,english,E,1
movie,word,english,E,1
shipping,word,english,E,1
history,word,english,E,1
program,word,english,E,1
white,word,english,E,1
better,word,english,E,1
required,word,english,E,1
action,word,english,E,1
receive,word,english,E,1
client,word,english,E,1
whole,word,english,E,1
later,word,english,E,1
leave,word,english,E,1
heard,word,english,E,1
point,word,english,E,1
statement,word,english,E,1
parts,word,english,E,1
except,word,english,E,1
artifact,word,english,E,1
official,word,english,E,1
lists,word,english,E,1
second,word,english,E,1
company,word,english,E,1
vehicle,word,english,E,1
screen,word,english,E,1
items,word,english,E,1
network,word,english,E,1
image,word,english,E,1
result,word,english,E,1
service,word,english,E,1
state,word,english,E,1
write,word,english,E,1
truth,word,english,E,1
local,word,english,E,1
situation,word,english,E,1
talking,word,english,E,1
control,word,english,E,1
members,word,english,E,1
training,word,english,E,1
wroven,non_word,english,E,2
grait,non_word,english,E,2
miself,non_word,english,E,2
femily,non_word,english,E,2
quorble,non_word,english,E,2
poast,non_word,english,E,2
triff,non_word,english,E,2
contanes,non_word,english,E,2
prangle,non_word,english,E,2
writen,non_word,english,E,2
charmet,non_word,english,E,2
takis,non_word,english,E,2
forse,non_word,english,E,2
lighht,non_word,english,E,2
repronse,non_word,english,E,2
fronker,non_word,english,E,2
driblex,non_word,english,E,2
plorfin,non_word,english,E,2
starded,non_word,english,E,2
vestern,non_word,english,E,2
murb,non_word,english,E,2
ordar,non_word,english,E,2
snorp,non_word,english,E,2
trate,non_word,english,E,2
plurnish,non_word,english,E,2
minusts,non_word,english,E,2
trutth,non_word,english,E,2
graskel,non_word,english,E,2
twisk,non_word,english,E,2
serwer,non_word,english,E,2
advanze,non_word,english,E,2
warld,non_word,english,E,2
reciese,non_word,english,E,2
cherm,non_word,english,E,2
quimpal,non_word,english,E,2
colal,non_word,english,E,2
popolar,non_word,english,E,2
chrumble,non_word,english,E,2
bluud,non_word,english,E,2
feild,non_word,english,E,2
blorp,non_word,english,E,2
cuorse,non_word,english,E,2
rulus,non_word,english,E,2
tworn,non_word,english,E,2
chrair,non_word,english,E,2
moddel,non_word,english,E,2
chindle,non_word,english,E,2
tregmur,non_word,english,E,2
snimble,non_word,english,E,2
rater,non_word,english,E,2
suport,non_word,english,E,2
wotch,non_word,english,E,2
wonan,non_word,english,E,2
tharv,non_word,english,E,2
slurn,non_word,english,E,2
slory,non_word,english,E,2
smavorn,non_word,english,E,2
notse,non_word,english,E,2
chane,non_word,english,E,2
secutiry,non_word,english,E,2
vords,non_word,english,E,2
screan,non_word,english,E,2
beelow,non_word,english,E,2
beccome,non_word,english,E,2
wheter,non_word,english,E,2
localion,non_word,english,E,2
sproon,non_word,english,E,2
tebbar,non_word,english,E,2
claggle,non_word,english,E,2
flibber,non_word,english,E,2
slindor,non_word,english,E,2
straigt,non_word,english,E,2
grack,non_word,english,E,2
cowntry,non_word,english,E,2
mentune,non_word,english,E,2
cecond,non_word,english,E,2
spleem,non_word,english,E,2
prindux,non_word,english,E,2
addid,non_word,english,E,2
morkle,non_word,english,E,2
hellps,non_word,english,E,2
errur,non_word,english,E,2
wibble,non_word,english,E,2
lelal,non_word,english,E,2
slong,non_word,english,E,2
frimble,non_word,english,E,2
adress,non_word,english,E,2
creat,non_word,english,E,2
canot,non_word,english,E,2
plaze,non_word,english,E,2
mibber,non_word,english,E,2
nohice,non_word,english,E,2
splunge,non_word,english,E,2
respend,non_word,english,E,2
frabble,non_word,english,E,2
stert,non_word,english,E,2
jindrel,non_word,english,E,2
nown,non_word,english,E,2
dorpine,non_word,english,E,2
parudy,non_word,english,E,2
evedence,non_word,english,E,2
sertain,non_word,english,E,2
sisuation,non_word,english,E,2
wargle,non_word,english,E,2
chlidren,non_word,english,E,2
clopt,non_word,english,E,2
frint,non_word,english,E,2
genurally,non_word,english,E,2
histury,non_word,english,E,2
skindle,non_word,english,E,2
troubal,non_word,english,E,2
caces,non_word,english,E,2
exsept,non_word,english,E,2
thouh,non_word,english,E,2
colus,non_word,english,E,2
setwene,non_word,english,E,2
monitar,non_word,english,E,2
concider,non_word,english,E,2
fleedon,non_word,english,E,2
sauth,non_word,english,E,2
pagis,non_word,english,E,2
trems,non_word,english,E,2
tuday,non_word,english,E,2
resune,non_word,english,E,2
sund,non_word,english,E,2
clieient,non_word,english,E,2
teath,non_word,english,E,2
ecudation,non_word,english,E,2
leve,non_word,english,E,2
briffle,non_word,english,E,2
erth,non_word,english,E,2
likelie,non_word,english,E,2
nunbers,non_word,english,E,2
squorble,non_word,english,E,2
acatly,non_word,english,E,2
vursion,non_word,english,E,2
blistow,non_word,english,E,2
trindle,non_word,english,E,2
saing,non_word,english,E,2
grench,non_word,english,E,2
macine,non_word,english,E,2
wice,non_word,english,E,2
liwing,non_word,english,E,2
privet,non_word,english,E,2
worf,non_word,english,E,2
thiking,non_word,english,E,2
togehter,non_word,english,E,2
snaffle,non_word,english,E,2
makis,non_word,english,E,2
pover,non_word,english,E,2
ponit,non_word,english,E,2
crenst,non_word,english,E,2
hapen,non_word,english,E,2
sens,non_word,english,E,2
yagya  ,word,hinglish,E,3
wajan,word,hinglish,E,3
vyakti,word,hinglish,E,3
vivaah,word,hinglish,E,3
virodhi,word,hinglish,E,3
vipaksh,word,hinglish,E,3
vikas,word,hinglish,E,3
vikalp,word,hinglish,E,3
videshi,word,hinglish,E,3
vichaar,word,hinglish,E,3
vachan,word,hinglish,E,3
uttar,word,hinglish,E,3
utsav,word,hinglish,E,3
uphaar,word,hinglish,E,3
unka,word,hinglish,E,3
ujjwal,word,hinglish,E,3
udhar  ,word,hinglish,E,3
uday,word,hinglish,E,3
thappar,word,hinglish,E,3
thand,word,hinglish,E,3
taras,word,hinglish,E,3
tanmay,word,hinglish,E,3
talaash,word,hinglish,E,3
takkar,word,hinglish,E,3
sheetal,word,hinglish,E,3
shashtra,word,hinglish,E,3
sharab,word,hinglish,E,3
shapath,word,hinglish,E,3
shanti,word,hinglish,E,3
shakkar,word,hinglish,E,3
shahar,word,hinglish,E,3
shabd,word,hinglish,E,3
shaadi,word,hinglish,E,3
sarthak,word,hinglish,E,3
sargam,word,hinglish,E,3
sardar,word,hinglish,E,3
sapna,word,hinglish,E,3
sanskar,word,hinglish,E,3
sangeet,word,hinglish,E,3
sambhav,word,hinglish,E,3
sambandh,word,hinglish,E,3
samay  ,word,hinglish,E,3
samajh  ,word,hinglish,E,3
samachar,word,hinglish,E,3
saksham  ,word,hinglish,E,3
sajjan,word,hinglish,E,3
safar  ,word,hinglish,E,3
safal  ,word,hinglish,E,3
sadak  ,word,hinglish,E,3
sachiv,word,hinglish,E,3
sabhya,word,hinglish,E,3
sabak,word,hinglish,E,3
roti,word,hinglish,E,3
raman,word,hinglish,E,3
raksha,word,hinglish,E,3
rajat,word,hinglish,E,3
rahaysa,word,hinglish,E,3
pyaas,word,hinglish,E,3
puraana,word,hinglish,E,3
prerana,word,hinglish,E,3
prayaas,word,hinglish,E,3
prakriti,word,hinglish,E,3
prakash,word,hinglish,E,3
pradesh,word,hinglish,E,3
prabhat,word,hinglish,E,3
pavan  ,word,hinglish,E,3
pathak,word,hinglish,E,3
pasand,word,hinglish,E,3
parvati,word,hinglish,E,3
parivaar,word,hinglish,E,3
param,word,hinglish,E,3
parakh,word,hinglish,E,3
palak  ,word,hinglish,E,3
paksh  ,word,hinglish,E,3
pakad,word,hinglish,E,3
pahal,word,hinglish,E,3
paani,word,hinglish,E,3
niketan,word,hinglish,E,3
nigan,word,hinglish,E,3
nibandh,word,hinglish,E,3
nazar,word,hinglish,E,3
nayak,word,hinglish,E,3
navodaya,word,hinglish,E,3
naram,word,hinglish,E,3
namak  ,word,hinglish,E,3
nagar,word,hinglish,E,3
naari,word,hinglish,E,3
mitra,word,hinglish,E,3
mithaai,word,hinglish,E,3
mausam,word,hinglish,E,3
matlab,word,hinglish,E,3
matar,word,hinglish,E,3
manzil,word,hinglish,E,3
mannat,word,hinglish,E,3
mandal,word,hinglish,E,3
maksad  ,word,hinglish,E,3
mahila,word,hinglish,E,3
mahenga,word,hinglish,E,3
mahaul,word,hinglish,E,3
mahal,word,hinglish,E,3
mahak,word,hinglish,E,3
magar,word,hinglish,E,3
madhya,word,hinglish,E,3
madad,word,hinglish,E,3
lekin,word,hinglish,E,3
latak,word,hinglish,E,3
lashkar,word,hinglish,E,3
lakshya,word,hinglish,E,3
lakshan,word,hinglish,E,3
lagbhag,word,hinglish,E,3
ladka,word,hinglish,E,3
khilaaf,word,hinglish,E,3
khattar,word,hinglish,E,3
khabar  ,word,hinglish,E,3
kambal,word,hinglish,E,3
kamar,word,hinglish,E,3
kamal,word,hinglish,E,3
kalash,word,hinglish,E,3
kalam,word,hinglish,E,3
kahar,word,hinglish,E,3
kadam  ,word,hinglish,E,3
jhalak  ,word,hinglish,E,3
jeewan,word,hinglish,E,3
jawaan,word,hinglish,E,3
jannat,word,hinglish,E,3
jagat,word,hinglish,E,3
jagah  ,word,hinglish,E,3
jaagriti,word,hinglish,E,3
ishq,word,hinglish,E,3
insaan,word,hinglish,E,3
idhar  ,word,hinglish,E,3
havan,word,hinglish,E,3
hangama,word,hinglish,E,3
haalat,word,hinglish,E,3
gulshan,word,hinglish,E,3
grahak,word,hinglish,E,3
gazal,word,hinglish,E,3
galti,word,hinglish,E,3
galat  ,word,hinglish,E,3
gagan  ,word,hinglish,E,3
eklavya,word,hinglish,E,3
doosra,word,hinglish,E,3
dono,word,hinglish,E,3
dhwaj,word,hinglish,E,3
dhanya,word,hinglish,E,3
dhakkan,word,hinglish,E,3
dhadkan,word,hinglish,E,3
dhaara,word,hinglish,E,3
dawaai,word,hinglish,E,3
dainik,word,hinglish,E,3
dahej,word,hinglish,E,3
charas  ,word,hinglish,E,3
charan,word,hinglish,E,3
chappar,word,hinglish,E,3
chappal,word,hinglish,E,3
chandan,word,hinglish,E,3
chanchal  ,word,hinglish,E,3
chaman  ,word,hinglish,E,3
chamak,word,hinglish,E,3
chakkar,word,hinglish,E,3
chahiye,word,hinglish,E,3
chadar,word,hinglish,E,3
bukhaar  ,word,hinglish,E,3
bhavya,word,hinglish,E,3
bhavan  ,word,hinglish,E,3
bhatak,word,hinglish,E,3
bharosa,word,hinglish,E,3
bhakt,word,hinglish,E,3
bhajan  ,word,hinglish,E,3
bekaar  ,word,hinglish,E,3
basant  ,word,hinglish,E,3
balidan,word,hinglish,E,3
bagal,word,hinglish,E,3
badmaash  ,word,hinglish,E,3
badan,word,hinglish,E,3
bachpan  ,word,hinglish,E,3
bachat,word,hinglish,E,3
bacchan,word,hinglish,E,3
baarish  ,word,hinglish,E,3
ashram  ,word,hinglish,E,3
asatya,word,hinglish,E,3
asar,word,hinglish,E,3
asafal,word,hinglish,E,3
asabhya,word,hinglish,E,3
apni,word,hinglish,E,3
antar,word,hinglish,E,3
andar,word,hinglish,E,3
anant,word,hinglish,E,3
anand,word,hinglish,E,3
amar,word,hinglish,E,3
alag,word,hinglish,E,3
akshay,word,hinglish,E,3
akshar  ,word,hinglish,E,3
akhand,word,hinglish,E,3
adhyapak,word,hinglish,E,3
adhoori  ,word,hinglish,E,3
adaalat,word,hinglish,E,3
abhay,word,hinglish,E,3
aatma,word,hinglish,E,3
aarambh,word,hinglish,E,3
aarakshan,word,hinglish,E,3
aajtak  ,word,hinglish,E,3
aadmi  ,word,hinglish,E,3
aadat,word,hinglish,E,3
 uttam,word,hinglish,E,3
 uplabdh,word,hinglish,E,3
 tanmay,word,hinglish,E,3
 satya,word,hinglish,E,3
 sattar,word,hinglish,E,3
 sakht,word,hinglish,E,3
 sajjan,word,hinglish,E,3
 sabhya,word,hinglish,E,3
 rahasya,word,hinglish,E,3
 patthar,word,hinglish,E,3
 mastak,word,hinglish,E,3
 marammat,word,hinglish,E,3
 mannat,word,hinglish,E,3
 madhya,word,hinglish,E,3
 macchar,word,hinglish,E,3
 kambal,word,hinglish,E,3
 jannat,word,hinglish,E,3
 izzat,word,hinglish,E,3
 dhanya,word,hinglish,E,3
 dastak,word,hinglish,E,3
 daftar,word,hinglish,E,3
 bhavya,word,hinglish,E,3
 bhakt,word,hinglish,E,3
 bandhan,word,hinglish,E,3
 bandhak,word,hinglish,E,3
 bacchan,word,hinglish,E,3
 asambhav,word,hinglish,E,3
 asabhya,word,hinglish,E,3
 anya,word,hinglish,E,3
yavaska,non_word,hinglish,E,4
yajya,non_word,hinglish,E,4
vrashti,non_word,hinglish,E,4
vimeet,non_word,hinglish,E,4
vashtrik,non_word,hinglish,E,4
vakta,non_word,hinglish,E,4
vaakas,non_word,hinglish,E,4
uzzat,non_word,hinglish,E,4
uttur,non_word,hinglish,E,4
ustav,non_word,hinglish,E,4
upyoj,non_word,hinglish,E,4
upak,non_word,hinglish,E,4
upahal,non_word,hinglish,E,4
unad,non_word,hinglish,E,4
ummat,non_word,hinglish,E,4
umath,non_word,hinglish,E,4
uljham,non_word,hinglish,E,4
ujjhal,non_word,hinglish,E,4
ujjat,non_word,hinglish,E,4
ujjala,non_word,hinglish,E,4
ugar,non_word,hinglish,E,4
ucchar,non_word,hinglish,E,4
tatneek,non_word,hinglish,E,4
tantriksh,non_word,hinglish,E,4
tanrik,non_word,hinglish,E,4
tanpav,non_word,hinglish,E,4
tanbhag,non_word,hinglish,E,4
tamrah,non_word,hinglish,E,4
tafdar,non_word,hinglish,E,4
tabhya,non_word,hinglish,E,4
suhidha,non_word,hinglish,E,4
shappar,non_word,hinglish,E,4
shakkala,non_word,hinglish,E,4
satvish,non_word,hinglish,E,4
saskham,non_word,hinglish,E,4
sarakh,non_word,hinglish,E,4
sanudaay,non_word,hinglish,E,4
sanskhat,non_word,hinglish,E,4
sandhaavana,non_word,hinglish,E,4
sanay,non_word,hinglish,E,4
sanad,non_word,hinglish,E,4
samhat,non_word,hinglish,E,4
salaf,non_word,hinglish,E,4
sakrar,non_word,hinglish,E,4
saklam,non_word,hinglish,E,4
sakab,non_word,hinglish,E,4
sajjam,non_word,hinglish,E,4
sajham,non_word,hinglish,E,4
saht,non_word,hinglish,E,4
sahak,non_word,hinglish,E,4
sadvya,non_word,hinglish,E,4
sadbhag,non_word,hinglish,E,4
sadarah,non_word,hinglish,E,4
saasish,non_word,hinglish,E,4
saajash,non_word,hinglish,E,4
saadham,non_word,hinglish,E,4
ratma,non_word,hinglish,E,4
rataj,non_word,hinglish,E,4
rastrik,non_word,hinglish,E,4
raskha,non_word,hinglish,E,4
rapam,non_word,hinglish,E,4
ranjeeti,non_word,hinglish,E,4
ranam,non_word,hinglish,E,4
rakshan,non_word,hinglish,E,4
rakash,non_word,hinglish,E,4
pyaksha,non_word,hinglish,E,4
pyahi,non_word,hinglish,E,4
pratrikik,non_word,hinglish,E,4
pratagi,non_word,hinglish,E,4
prashim,non_word,hinglish,E,4
prakeet,non_word,hinglish,E,4
praghash,non_word,hinglish,E,4
patraw,non_word,hinglish,E,4
panav,non_word,hinglish,E,4
palah,non_word,hinglish,E,4
pakal,non_word,hinglish,E,4
padmaash,non_word,hinglish,E,4
nishtri,non_word,hinglish,E,4
nashkhat,non_word,hinglish,E,4
nasant,non_word,hinglish,E,4
nasamte,non_word,hinglish,E,4
nakam,non_word,hinglish,E,4
nahenga,non_word,hinglish,E,4
nagat,non_word,hinglish,E,4
muhina,non_word,hinglish,E,4
migan,non_word,hinglish,E,4
mattat,non_word,hinglish,E,4
matsir,non_word,hinglish,E,4
matammat,non_word,hinglish,E,4
maskat,non_word,hinglish,E,4
mamtra,non_word,hinglish,E,4
mamarratam,non_word,hinglish,E,4
maltab,non_word,hinglish,E,4
majtoobi,non_word,hinglish,E,4
madhrat,non_word,hinglish,E,4
madhrak,non_word,hinglish,E,4
lashkya,non_word,hinglish,E,4
lashkman,non_word,hinglish,E,4
lakshal,non_word,hinglish,E,4
lakita,non_word,hinglish,E,4
lajat,non_word,hinglish,E,4
ladpat,non_word,hinglish,E,4
labhka,non_word,hinglish,E,4
kustap,non_word,hinglish,E,4
kulash,non_word,hinglish,E,4
khifaal,non_word,hinglish,E,4
khatvir,non_word,hinglish,E,4
khashar,non_word,hinglish,E,4
kharbar,non_word,hinglish,E,4
katsha,non_word,hinglish,E,4
katrika,non_word,hinglish,E,4
katrakaar,non_word,hinglish,E,4
kashal,non_word,hinglish,E,4
kasan,non_word,hinglish,E,4
kapak,non_word,hinglish,E,4
kanban,non_word,hinglish,E,4
kamith,non_word,hinglish,E,4
kamish,non_word,hinglish,E,4
kamam,non_word,hinglish,E,4
kamad,non_word,hinglish,E,4
kabat,non_word,hinglish,E,4
jyaan,non_word,hinglish,E,4
jigyaan,non_word,hinglish,E,4
jatmash,non_word,hinglish,E,4
jarnak,non_word,hinglish,E,4
jalnat,non_word,hinglish,E,4
jajah,non_word,hinglish,E,4
jaavnar,non_word,hinglish,E,4
iradh,non_word,hinglish,E,4
ihar,non_word,hinglish,E,4
hrudai,non_word,hinglish,E,4
hivaah,non_word,hinglish,E,4
hisarat,non_word,hinglish,E,4
hatkan,non_word,hinglish,E,4
haskat,non_word,hinglish,E,4
harkal,non_word,hinglish,E,4
harkad,non_word,hinglish,E,4
hanshik,non_word,hinglish,E,4
hanav,non_word,hinglish,E,4
hafan,non_word,hinglish,E,4
hadhyam,non_word,hinglish,E,4
haatal,non_word,hinglish,E,4
gututva,non_word,hinglish,E,4
gushlan,non_word,hinglish,E,4
goyak,non_word,hinglish,E,4
gatli,non_word,hinglish,E,4
gatat,non_word,hinglish,E,4
gantak,non_word,hinglish,E,4
ganag,non_word,hinglish,E,4
gamrah,non_word,hinglish,E,4
gamar,non_word,hinglish,E,4
galak,non_word,hinglish,E,4
gaayuk,non_word,hinglish,E,4
fasar,non_word,hinglish,E,4
duthi,non_word,hinglish,E,4
drishdhi,non_word,hinglish,E,4
dhyam,non_word,hinglish,E,4
dhavya,non_word,hinglish,E,4
dharvak,non_word,hinglish,E,4
dhakyan,non_word,hinglish,E,4
datfar,non_word,hinglish,E,4
daptar,non_word,hinglish,E,4
dakkad,non_word,hinglish,E,4
chintam,non_word,hinglish,E,4
chindan,non_word,hinglish,E,4
chasar,non_word,hinglish,E,4
chamdam,non_word,hinglish,E,4
chalhal,non_word,hinglish,E,4
chakam,non_word,hinglish,E,4
bhuktik,non_word,hinglish,E,4
bauthik,non_word,hinglish,E,4
batal,non_word,hinglish,E,4
banthak,non_word,hinglish,E,4
bandrath,non_word,hinglish,E,4
balbhan,non_word,hinglish,E,4
bajdoor,non_word,hinglish,E,4
askhar,non_word,hinglish,E,4
asalkhya,non_word,hinglish,E,4
aray,non_word,hinglish,E,4
aranth,non_word,hinglish,E,4
anuhab,non_word,hinglish,E,4
anraya,non_word,hinglish,E,4
anam,non_word,hinglish,E,4
amya,non_word,hinglish,E,4
alva,non_word,hinglish,E,4
akshan,non_word,hinglish,E,4
adhyrak,non_word,hinglish,E,4
aarakan,non_word,hinglish,E,4
aapasav,non_word,hinglish,E,4
aadas,non_word,hinglish,E,4
dharsan,non_word,hinglish,E,4
dhravak,non_word,hinglish,E,4
dhanvak,non_word,hinglish,E,4
dhatvan,non_word,hinglish,E,4
dakhyam,non_word,hinglish,E,4
chansar,non_word,hinglish,E,4
chamrak,non_word,hinglish,E,4
chavdak,non_word,hinglish,E,4
bhatrik,non_word,hinglish,E,4
badhvan,non_word,hinglish,E,4
banshak,non_word,hinglish,E,4
aksan,non_word,hinglish,E,4
antram,non_word,hinglish,E,4
asrath,non_word,hinglish,E,4
aplak,non_word,hinglish,E,4
